{"num_labeled_examples": 272, "accuracy": 0.5514705882352942, "false_positive_rate": 0.7086092715231788, "precision": 0.49765258215962443, "recall": 0.8760330578512396, "f1": 0.6347305389221557}
{"num_labeled_examples": 272, "accuracy": 0.5551470588235294, "false_positive_rate": 0.7162162162162162, "precision": 0.5069767441860465, "recall": 0.8790322580645161, "f1": 0.6430678466076696}
{"num_labeled_examples": 272, "accuracy": 0.5551470588235294, "false_positive_rate": 0.7591240875912408, "precision": 0.5315315315315315, "recall": 0.8740740740740741, "f1": 0.6610644257703081}
{"num_labeled_examples": 272, "accuracy": 0.6139705882352942, "false_positive_rate": 0.6382978723404256, "precision": 0.5631067961165048, "recall": 0.8854961832061069, "f1": 0.6884272997032641}
{"num_labeled_examples": 272, "accuracy": 0.5661764705882353, "false_positive_rate": 0.7045454545454546, "precision": 0.5528846153846154, "recall": 0.8214285714285714, "f1": 0.6609195402298851}
{"num_labeled_examples": 272, "accuracy": 0.5588235294117647, "false_positive_rate": 0.7244094488188977, "precision": 0.5598086124401914, "recall": 0.8068965517241379, "f1": 0.6610169491525424}
{"num_labeled_examples": 272, "accuracy": 0.5367647058823529, "false_positive_rate": 0.7619047619047619, "precision": 0.4977578475336323, "recall": 0.888, "f1": 0.6379310344827587}
{"num_labeled_examples": 272, "accuracy": 0.5294117647058824, "false_positive_rate": 0.7430555555555556, "precision": 0.5, "recall": 0.8359375, "f1": 0.6257309941520468}
{"num_labeled_examples": 272, "accuracy": 0.5845588235294118, "false_positive_rate": 0.7348484848484849, "precision": 0.5610859728506787, "recall": 0.8857142857142857, "f1": 0.6869806094182825}
{"num_labeled_examples": 272, "accuracy": 0.5588235294117647, "false_positive_rate": 0.6808510638297872, "precision": 0.5270935960591133, "recall": 0.816793893129771, "f1": 0.6407185628742516}
{"num_labeled_examples": 272, "accuracy": 0.4889705882352941, "false_positive_rate": 0.7189542483660131, "precision": 0.45, "recall": 0.7563025210084033, "f1": 0.5642633228840125}
{"num_labeled_examples": 272, "accuracy": 0.5845588235294118, "false_positive_rate": 0.6376811594202898, "precision": 0.5532994923857868, "recall": 0.8134328358208955, "f1": 0.6586102719033232}
{"num_labeled_examples": 272, "accuracy": 0.5514705882352942, "false_positive_rate": 0.6944444444444444, "precision": 0.5145631067961165, "recall": 0.828125, "f1": 0.6347305389221557}
{"num_labeled_examples": 272, "accuracy": 0.5588235294117647, "false_positive_rate": 0.6814814814814815, "precision": 0.5422885572139303, "recall": 0.7956204379562044, "f1": 0.6449704142011834}
{"num_labeled_examples": 272, "accuracy": 0.5514705882352942, "false_positive_rate": 0.708029197080292, "precision": 0.5314009661835749, "recall": 0.8148148148148148, "f1": 0.6432748538011696}
{"num_labeled_examples": 272, "accuracy": 0.5147058823529411, "false_positive_rate": 0.7466666666666667, "precision": 0.4766355140186916, "recall": 0.8360655737704918, "f1": 0.6071428571428571}
{"num_labeled_examples": 272, "accuracy": 0.5441176470588235, "false_positive_rate": 0.7573529411764706, "precision": 0.5275229357798165, "recall": 0.8455882352941176, "f1": 0.6497175141242938}
{"num_labeled_examples": 272, "accuracy": 0.5441176470588235, "false_positive_rate": 0.7046979865771812, "precision": 0.49760765550239233, "recall": 0.8455284552845529, "f1": 0.6265060240963856}
{"num_labeled_examples": 272, "accuracy": 0.5698529411764706, "false_positive_rate": 0.7295081967213115, "precision": 0.5781990521327014, "recall": 0.8133333333333334, "f1": 0.6759002770083102}
{"num_labeled_examples": 272, "accuracy": 0.5551470588235294, "false_positive_rate": 0.6950354609929078, "precision": 0.5242718446601942, "recall": 0.8244274809160306, "f1": 0.6409495548961425}
