{"num_labeled_examples": 312, "accuracy": 0.7564102564102564, "false_positive_rate": 0.29936305732484075, "precision": 0.7283236994219653, "recall": 0.8129032258064516, "f1": 0.7682926829268293}
{"num_labeled_examples": 312, "accuracy": 0.7564102564102564, "false_positive_rate": 0.29936305732484075, "precision": 0.7283236994219653, "recall": 0.8129032258064516, "f1": 0.7682926829268293}
{"num_labeled_examples": 312, "accuracy": 0.7564102564102564, "false_positive_rate": 0.29936305732484075, "precision": 0.7283236994219653, "recall": 0.8129032258064516, "f1": 0.7682926829268293}
{"num_labeled_examples": 312, "accuracy": 0.7564102564102564, "false_positive_rate": 0.29936305732484075, "precision": 0.7283236994219653, "recall": 0.8129032258064516, "f1": 0.7682926829268293}
{"num_labeled_examples": 312, "accuracy": 0.7564102564102564, "false_positive_rate": 0.29936305732484075, "precision": 0.7283236994219653, "recall": 0.8129032258064516, "f1": 0.7682926829268293}
{"num_labeled_examples": 312, "accuracy": 0.7564102564102564, "false_positive_rate": 0.29936305732484075, "precision": 0.7283236994219653, "recall": 0.8129032258064516, "f1": 0.7682926829268293}
{"num_labeled_examples": 312, "accuracy": 0.7564102564102564, "false_positive_rate": 0.29936305732484075, "precision": 0.7283236994219653, "recall": 0.8129032258064516, "f1": 0.7682926829268293}
{"num_labeled_examples": 312, "accuracy": 0.7564102564102564, "false_positive_rate": 0.29936305732484075, "precision": 0.7283236994219653, "recall": 0.8129032258064516, "f1": 0.7682926829268293}
{"num_labeled_examples": 312, "accuracy": 0.7564102564102564, "false_positive_rate": 0.29936305732484075, "precision": 0.7283236994219653, "recall": 0.8129032258064516, "f1": 0.7682926829268293}
{"num_labeled_examples": 312, "accuracy": 0.7564102564102564, "false_positive_rate": 0.29936305732484075, "precision": 0.7283236994219653, "recall": 0.8129032258064516, "f1": 0.7682926829268293}
{"num_labeled_examples": 312, "accuracy": 0.7564102564102564, "false_positive_rate": 0.29936305732484075, "precision": 0.7283236994219653, "recall": 0.8129032258064516, "f1": 0.7682926829268293}
{"num_labeled_examples": 312, "accuracy": 0.7564102564102564, "false_positive_rate": 0.29936305732484075, "precision": 0.7283236994219653, "recall": 0.8129032258064516, "f1": 0.7682926829268293}
{"num_labeled_examples": 312, "accuracy": 0.7564102564102564, "false_positive_rate": 0.29936305732484075, "precision": 0.7283236994219653, "recall": 0.8129032258064516, "f1": 0.7682926829268293}
{"num_labeled_examples": 312, "accuracy": 0.7564102564102564, "false_positive_rate": 0.29936305732484075, "precision": 0.7283236994219653, "recall": 0.8129032258064516, "f1": 0.7682926829268293}
{"num_labeled_examples": 312, "accuracy": 0.7564102564102564, "false_positive_rate": 0.29936305732484075, "precision": 0.7283236994219653, "recall": 0.8129032258064516, "f1": 0.7682926829268293}
{"num_labeled_examples": 312, "accuracy": 0.7564102564102564, "false_positive_rate": 0.29936305732484075, "precision": 0.7283236994219653, "recall": 0.8129032258064516, "f1": 0.7682926829268293}
{"num_labeled_examples": 312, "accuracy": 0.7564102564102564, "false_positive_rate": 0.29936305732484075, "precision": 0.7283236994219653, "recall": 0.8129032258064516, "f1": 0.7682926829268293}
{"num_labeled_examples": 312, "accuracy": 0.7564102564102564, "false_positive_rate": 0.29936305732484075, "precision": 0.7283236994219653, "recall": 0.8129032258064516, "f1": 0.7682926829268293}
{"num_labeled_examples": 312, "accuracy": 0.7564102564102564, "false_positive_rate": 0.29936305732484075, "precision": 0.7283236994219653, "recall": 0.8129032258064516, "f1": 0.7682926829268293}
{"num_labeled_examples": 312, "accuracy": 0.7564102564102564, "false_positive_rate": 0.29936305732484075, "precision": 0.7283236994219653, "recall": 0.8129032258064516, "f1": 0.7682926829268293}
{"num_labeled_examples": 312, "accuracy": 0.7564102564102564, "false_positive_rate": 0.29936305732484075, "precision": 0.7283236994219653, "recall": 0.8129032258064516, "f1": 0.7682926829268293}
{"num_labeled_examples": 312, "accuracy": 0.7564102564102564, "false_positive_rate": 0.29936305732484075, "precision": 0.7283236994219653, "recall": 0.8129032258064516, "f1": 0.7682926829268293}
{"num_labeled_examples": 312, "accuracy": 0.7564102564102564, "false_positive_rate": 0.29936305732484075, "precision": 0.7283236994219653, "recall": 0.8129032258064516, "f1": 0.7682926829268293}
{"num_labeled_examples": 312, "accuracy": 0.7564102564102564, "false_positive_rate": 0.29936305732484075, "precision": 0.7283236994219653, "recall": 0.8129032258064516, "f1": 0.7682926829268293}
{"num_labeled_examples": 312, "accuracy": 0.7564102564102564, "false_positive_rate": 0.29936305732484075, "precision": 0.7283236994219653, "recall": 0.8129032258064516, "f1": 0.7682926829268293}
{"num_labeled_examples": 312, "accuracy": 0.7564102564102564, "false_positive_rate": 0.29936305732484075, "precision": 0.7283236994219653, "recall": 0.8129032258064516, "f1": 0.7682926829268293}
{"num_labeled_examples": 312, "accuracy": 0.7564102564102564, "false_positive_rate": 0.29936305732484075, "precision": 0.7283236994219653, "recall": 0.8129032258064516, "f1": 0.7682926829268293}
{"num_labeled_examples": 312, "accuracy": 0.7564102564102564, "false_positive_rate": 0.29936305732484075, "precision": 0.7283236994219653, "recall": 0.8129032258064516, "f1": 0.7682926829268293}
{"num_labeled_examples": 312, "accuracy": 0.7564102564102564, "false_positive_rate": 0.29936305732484075, "precision": 0.7283236994219653, "recall": 0.8129032258064516, "f1": 0.7682926829268293}
{"num_labeled_examples": 312, "accuracy": 0.7564102564102564, "false_positive_rate": 0.29936305732484075, "precision": 0.7283236994219653, "recall": 0.8129032258064516, "f1": 0.7682926829268293}
{"num_labeled_examples": 312, "accuracy": 0.7564102564102564, "false_positive_rate": 0.29936305732484075, "precision": 0.7283236994219653, "recall": 0.8129032258064516, "f1": 0.7682926829268293}
{"num_labeled_examples": 312, "accuracy": 0.7564102564102564, "false_positive_rate": 0.29936305732484075, "precision": 0.7283236994219653, "recall": 0.8129032258064516, "f1": 0.7682926829268293}
{"num_labeled_examples": 312, "accuracy": 0.7564102564102564, "false_positive_rate": 0.29936305732484075, "precision": 0.7283236994219653, "recall": 0.8129032258064516, "f1": 0.7682926829268293}
{"num_labeled_examples": 312, "accuracy": 0.7564102564102564, "false_positive_rate": 0.29936305732484075, "precision": 0.7283236994219653, "recall": 0.8129032258064516, "f1": 0.7682926829268293}
{"num_labeled_examples": 312, "accuracy": 0.7564102564102564, "false_positive_rate": 0.29936305732484075, "precision": 0.7283236994219653, "recall": 0.8129032258064516, "f1": 0.7682926829268293}
{"num_labeled_examples": 312, "accuracy": 0.7564102564102564, "false_positive_rate": 0.29936305732484075, "precision": 0.7283236994219653, "recall": 0.8129032258064516, "f1": 0.7682926829268293}
{"num_labeled_examples": 312, "accuracy": 0.7564102564102564, "false_positive_rate": 0.29936305732484075, "precision": 0.7283236994219653, "recall": 0.8129032258064516, "f1": 0.7682926829268293}
{"num_labeled_examples": 312, "accuracy": 0.7564102564102564, "false_positive_rate": 0.29936305732484075, "precision": 0.7283236994219653, "recall": 0.8129032258064516, "f1": 0.7682926829268293}
{"num_labeled_examples": 312, "accuracy": 0.7564102564102564, "false_positive_rate": 0.29936305732484075, "precision": 0.7283236994219653, "recall": 0.8129032258064516, "f1": 0.7682926829268293}
{"num_labeled_examples": 312, "accuracy": 0.7564102564102564, "false_positive_rate": 0.29936305732484075, "precision": 0.7283236994219653, "recall": 0.8129032258064516, "f1": 0.7682926829268293}
{"num_labeled_examples": 312, "accuracy": 0.7564102564102564, "false_positive_rate": 0.29936305732484075, "precision": 0.7283236994219653, "recall": 0.8129032258064516,