{
  "num_labeled_examples": 272,
  "accuracy": 0.5955882352941176,
  "false_positive_rate": 0.12142857142857143,
  "precision": 0.6964285714285714,
  "recall": 0.29545454545454547,
  "f1": 0.4148936170212766
}