{
  "num_labeled_examples": 312,
  "accuracy": 0.4967948717948718,
  "false_positive_rate": 0.02564102564102564,
  "precision": 0.42857142857142855,
  "recall": 0.019230769230769232,
  "f1": 0.03680981595092025
}