{
  "num_labeled_examples": 312,
  "accuracy": 0.4967948717948718,
  "false_positive_rate": 0.10897435897435898,
  "precision": 0.48484848484848486,
  "recall": 0.10256410256410256,
  "f1": 0.1693121693121693
}