{
  "num_labeled_examples": 272,
  "accuracy": 0.5551470588235294,
  "false_positive_rate": 0.7142857142857143,
  "precision": 0.5260663507109005,
  "recall": 0.8409090909090909,
  "f1": 0.6472303206997084
}