{
  "num_labeled_examples": 312,
  "accuracy": 0.7788461538461539,
  "false_positive_rate": 0.2564102564102564,
  "precision": 0.7604790419161677,
  "recall": 0.8141025641025641,
  "f1": 0.7863777089783281
}